{"Regi\u00e3o":{"0":"Brasil","1":"Norte","2":"Rond\u00f4nia","3":"Acre","4":"Amazonas","5":"Roraima","6":"Par\u00e1","7":"Amap\u00e1","8":"Tocantins","9":"Nordeste","10":"Maranh\u00e3o","11":"Piau\u00ed","12":"Cear\u00e1","13":"Rio Grande do Norte","14":"Para\u00edba","15":"Pernambuco","16":"Alagoas","17":"Sergipe","18":"Bahia","19":"Sudeste","20":"Minas Gerais","21":"Esp\u00edrito Santo","22":"Rio de Janeiro","23":"S\u00e3o Paulo","24":"Sul","25":"Paran\u00e1","26":"Santa Catarina","27":"Rio Grande do Sul","28":"Centro-Oeste","29":"Mato Grosso do Sul","30":"Mato Grosso","31":"Goi\u00e1s","32":"Distrito Federal"},"Total":{"0":207853.293,"1":17870.8750000003,"2":1747.154,"3":853.023,"4":3921.508,"5":513.466,"6":8472.0290000003,"7":821.545,"8":1542.15,"9":56617.6709999997,"10":7000.7260000002,"11":3263.7539999999,"12":9072.98,"13":3479.01,"14":3975.329,"15":9439.0330000001,"16":3315.564,"17":2277.956,"18":14793.3189999995,"19":87690.926,"20":21030.104,"21":3968.7340000001,"22":17159.4350000002,"23":45532.6529999997,"24":29710.3209999996,"25":11335.5469999997,"26":7063.8039999999,"27":11310.97,"28":15963.5000000001,"29":2679.112,"30":3388.919,"31":6923.2600000002,"32":2972.209},"Branca":{"0":43.137520873,"1":19.3318699213,"2":29.4705558367,"3":21.0260114225,"4":16.8087160165,"5":23.6900354989,"6":17.8381900493,"7":17.4285530353,"8":21.0930285123,"9":24.6371583993,"10":18.2931113987,"11":19.7972823773,"12":28.2235154377,"13":35.8648041626,"14":32.9029128195,"15":31.2259785662,"16":25.3503999733,"17":19.3981471015,"18":18.0887507588,"19":50.716720106,"20":39.7474707453,"21":37.0610132894,"22":45.2009620199,"23":59.0520045697,"24":73.9028879061,"25":65.4647019842,"26":79.9021542218,"27":78.6128121404,"28":36.5098589596,"29":44.0408620337,"30":31.002166783,"31":35.8455797211,"32":37.5487158623},"Preta":{"0":9.2502174088,"1":7.0572452356,"2":6.710324928,"3":5.3461751132,"4":2.9897180689,"5":7.6741294122,"6":8.1711705868,"7":6.9968806233,"8":12.4472403804,"9":11.3434190064,"10":11.9475807516,"11":9.0725890017,"12":5.2886794382,"13":5.9772639978,"14":5.6964982627,"15":6.4626938956,"16":5.6944524038,"17":8.2051806754,"18":22.9149446346,"19":9.8806031243,"20":11.7760088866,"21":11.0405495987,"22":13.378883182,"23":7.5857092034,"24":4.7504914229,"25":4.0779176307,"26":3.02070113,"27":6.5047964403,"28":9.193045017,"29":6.4027147988,"30":10.1963097824,"31":9.209730678,"32":10.525422712},"Parda":{"0":46.5416104582,"1":71.7747019117,"2":62.4011812831,"3":72.3167762412,"4":77.4083312537,"5":60.8616205301,"6":72.6957966225,"7":74.2608056268,"8":65.0177513701,"9":63.1828557549,"10":68.5442432384,"11":70.8907740182,"12":65.7144192899,"13":57.9718882869,"14":60.9573664127,"15":61.2220491436,"16":67.7458076321,"17":71.4912634013,"18":58.1650536918,"19":38.2727720619,"20":48.1859904146,"21":51.1026727941,"22":40.8278245168,"23":31.6129858925,"24":20.6051451582,"25":29.2593174038,"26":16.5365677259,"27":14.4730324661,"28":52.9660681968,"29":47.2832761087,"30":57.6290889591,"31":53.989411335,"32":50.387974329},"Amarela ou ind\u00edgena":{"0":1.0544147141,"1":1.8186542829,"2":1.4044868669,"3":1.311037223,"4":2.7932346609,"5":7.7369984725,"6":1.2692241101,"7":1.2485175594,"8":1.4419797372,"9":0.8214028389,"10":1.1991894679,"11":0.2335381196,"12":0.7693615937,"13":0.1860435526,"14":0.3885904026,"15":1.0581907682,"16":1.2055240496,"17":0.8868207236,"18":0.8227129486,"19":1.1102469727,"20":0.2788738375,"21":0.773470794,"22":0.5618491718,"23":1.7302555407,"24":0.7359581822,"25":1.1971945362,"26":0.5187646861,"27":0.4093589532,"28":1.3112771331,"29":2.2624505245,"30":1.1543780784,"31":0.9516101765,"32":1.4705815406}}